Names,Company
"Alexander, Justina, Craig, Echo",Arcu Et Institute
"Alma, Salvador, Dana, Buffy",Mauris Associates
"Daria, Chandler, Kyla, Oleg",Metus Eu Erat LLC
"Norman, Fleur, Shaeleigh, Bianca",In Ltd
"Melodie, Veda, Ahmed, Alma",Convallis Corporation
"Tanek, Wynne, Charlotte, Scott",Ut LLP
"Bryar, Brenden, Caryn, Victor",Imperdiet PC
"Bevis, Kiona, Wesley, Jackson",Risus Donec Egestas Associates
"Amy, Nyssa, Ross, Kylynn",Blandit Enim Consequat Ltd
"Meghan, Dominic, Noelani, Xavier",Nullam Foundation
"Bert, Drew, Willow, Alika",Et Tristique Foundation
"Fulton, Herman, Chandler, Elaine",Cum Sociis Natoque Foundation
"Ivana, Ursula, Marah, Wynter",Sit Incorporated
"Imani, Violet, Hilary, Jasper",Facilisis Suspendisse Commodo Ltd
"Alexa, Imelda, Kamal, Erin",A Tortor Nunc Corp.
"Connor, Nita, Shoshana, Malachi",Fusce Aliquet Industries
"Elizabeth, Kirk, Irma, Serina",Elit A Corp.
"Dieter, Basia, Alyssa, Elijah",Est Ac Industries
"Julie, Tatum, Alfreda, Yuli",Vulputate LLC
"Beck, Hadley, Julian, Veda",Vel Turpis Aliquam PC
"Barrett, Zia, Julian, Murphy",Id Foundation
"Marcia, Wang, Tasha, Aline",Aenean Gravida Ltd
"Bell, Tanner, Audrey, Cathleen",Curabitur Sed Foundation
"Lacota, Tiger, Oleg, Dawn",Amet Lorem LLC
"Justine, Cameron, Kelly, Hilary",Ligula Corp.
"Zachary, Isabelle, Lucy, Meredith",Lorem Ipsum Sodales Corporation
"Bert, Emmanuel, Gray, Claudia",Orci Quis LLC
"Clark, Fredericka, Fulton, Sierra",Fusce Foundation
"Erasmus, Regina, Rajah, Geoffrey",Nibh LLP
"Calvin, Kirk, Brynne, Vladimir",Porttitor Tellus Non PC
"Penelope, Clinton, Lareina, Hedley",Orci Quis Lectus LLC
"Yardley, Nell, Iona, Amena",Dapibus Company
"Odette, Leroy, Hayden, Kane",Sodales Nisi Magna Industries
"Casey, Charles, Kuame, Teegan",Adipiscing Elit Ltd
"Dai, Ronan, Linus, Tatum",Aenean Corporation
"George, Kibo, Quamar, Zena",Libero Mauris Aliquam PC
"Brynne, Vanna, Lawrence, Jael",Donec Associates
"Barrett, Lane, Talon, Ella",Eu Associates
"Joan, Beau, Inez, Miriam",Fringilla Purus Mauris PC
"Burke, Connor, Rooney, Orli",Mi Aliquam Gravida Foundation
"Guinevere, Clementine, Angela, Hamish",Faucibus LLP
"Aladdin, Colin, Kyle, Derek",Imperdiet Limited
"Jamal, Amos, Desiree, Flynn",Netus Et Malesuada LLP
"Quyn, Jordan, Ulric, Jerome",Nec Orci Industries
"Jasmine, Kyle, Xanthus, Kaye",Nisi Aenean Eget LLP
"Tucker, Blaze, Amelia, Ariana",Arcu Vel Corporation
"Quintessa, Cullen, Noelle, Alan",Sodales Industries
"Arsenio, Cullen, Keefe, Merrill",A Nunc In Incorporated
"Martena, Mikayla, Raymond, Kyla",Sed LLP
"Preston, Julian, Ebony, Shad",Id Ante Nunc Corporation
"Karen, Dacey, Amena, Amery",Non Foundation
"Andrew, Brett, Vielka, Rose",Suspendisse Sed Corporation
"Keefe, Deanna, Noelani, Bruno",Odio Consulting
"Winifred, Hakeem, Solomon, Kaye",Sed Institute
"Mufutau, Carissa, Tamara, Hilda",Ut Odio LLC
"Nehru, Shay, Mason, Hiram",Vitae Erat Vivamus Ltd
"Leroy, Hadassah, Ainsley, Kimberley",Felis Eget Varius LLP
"Sophia, Aristotle, Alyssa, Donna",Enim PC
"Madeline, Jana, Idola, Jameson",Et Magnis Consulting
"Kieran, Travis, Fuller, Cullen",Ullamcorper Ltd
"Stone, Brody, Aquila, Vance",Quisque Tincidunt Pede Associates
"Reese, Taylor, Adele, Karly",Leo Cras Institute
"Kieran, Lael, May, Adara",Id Ante Inc.
"Cooper, Kasimir, Steven, Caleb",Augue Ac Ipsum Limited
"Boris, Leonard, Joan, Vincent",Hendrerit Incorporated
"Abel, Tyler, Ayanna, Jasper",Lorem Lorem LLP
"TaShya, Armando, Taylor, Montana",Orci Sem LLP
"Yoko, Marcia, Cailin, Wing",Parturient Montes Nascetur Consulting
"Alma, Urielle, Barry, Athena",Donec Inc.
"Kevin, Kellie, Briar, Christopher",Arcu Iaculis Foundation
"Thane, Ginger, Sara, Raven",Dignissim Maecenas Ornare PC
"Jamal, Arsenio, Uriel, Brock",Duis Sit Incorporated
"Kellie, Macaulay, Maggie, Merrill",Commodo Consulting
"Flynn, Jennifer, Hasad, Cameron",Ipsum Suspendisse Inc.
"Devin, Kylynn, Ferdinand, Veda",Magna Cras Limited
"Anne, Leroy, Michael, Ferris",Orci PC
"Hanae, Adria, Logan, Rae",Ipsum Ltd
"Isabelle, Anastasia, Ella, Malik",Cursus Et Eros LLP
"Lilah, Celeste, Dustin, Axel",Aliquam Tincidunt Company
"Sheila, Brenda, Christopher, Palmer",Tellus Suspendisse Corp.
"Chastity, Ariel, Demetria, Ignatius",Consectetuer Adipiscing Corp.
"Sybill, Phyllis, Dorothy, Celeste",Nunc Interdum Incorporated
"Kimberly, Zoe, Quail, Josephine",Consectetuer Consulting
"Kalia, Robin, Price, Cara",Magna PC
"Skyler, Blake, Dean, Damon",Lectus Convallis Est Limited
"Nicholas, Blake, Vernon, Cora",Mattis Incorporated
"Lucius, Quamar, Veda, Deacon",Elementum Lorem LLP
"Elijah, Paki, Cara, Quynn",Ante Dictum Incorporated
"Lionel, Leandra, Aurelia, Indigo",Tristique Pellentesque Tellus Company
"Kylie, Willa, Luke, Nora",Egestas Rhoncus Proin Foundation
"Malcolm, Mona, Grady, Regan",Fermentum Metus Aenean Industries
"Britanney, Sandra, Susan, Aubrey",Fames Ac Ltd
"Leo, Zeph, Armando, Talon",Libero Integer Corporation
"Arthur, Henry, Jennifer, Zachery",Gravida Consulting
"Naida, Hayley, Oren, Scott",Dictum Proin Eget Incorporated
"Warren, Astra, Colin, Cole",Massa LLP
"Yvonne, Brynn, Brody, Madeline",Aenean Egestas Corp.
"Phoebe, Jared, Honorato, Irene",Porttitor Scelerisque Neque Foundation
"Ingrid, Paula, Wilma, Xavier",Libero Lacus Varius Consulting
"Griffin, Eric, Hayley, Ahmed",Enim Mauris Quis PC